Soft,Coarse Mesh,Medium Mesh,Fine Mesh,Very Fine Mesh
ccx,670.363824,862.742024,918.9566,883.751256
elmer,5237.53824,2269.57208,999.029632,897.250632
codeaster,949.099144,1179.4029600000001,1247.9104,1171.18704
