Soft,Coarse Mesh,Medium Mesh,Fine Mesh,Very Fine Mesh
ccx,865.217448,811.3722799999999,865.890632,882.475184
elmer,1206.8621600000001,773.639248,876.110168,884.85248
codeaster,739.6165040000001,810.871784,961.74616,913.9682240000001
